Constituency,Result,All votes,Winning vote,Share counted,Share ignored,CON,LAB,UKIP,LD,SNP,GRN,DUP,PC,SF,UUP,IND,SDLP,APNI,TUSC,SPE,NHA,TUV,RES,CSA,Others
Southport,LD HOLD,44101,13652,30.96%,69.04%,12330,8468,7429,13652,,1230,,,,,,,,,,,,,,992
Ynys Mon,LAB HOLD,34926,10871,31.13%,68.87%,7393,10871,5121,751,,,,10642,,,,,,,,,,,,148
Thurrock,CON HOLD,49564,16692,33.68%,66.32%,16692,16156,15718,644,,,,,,,79,,,,,,,,244,31
Portsmouth South,CON GAIN FROM LD,41903,14585,34.81%,65.19%,14585,8184,5595,9344,,3145,,,,,716,,,235,,,,,,99
Carshalton & Wallington,LD HOLD,47613,16603,34.87%,65.13%,15093,7150,7049,16603,,1492,,,,,,,,,,,,,,226
Bristol West,LAB GAIN FROM LD,64218,22900,35.66%,64.34%,9752,22900,1940,12103,,17227,,,,,,,,,,,,,,296
Ceredigion,LD HOLD,37416,13414,35.85%,64.15%,4123,3615,3829,13414,,2088,,10347,,,,,,,,,,,,0
Cambridge,LAB GAIN FROM LD,51774,18646,36.01%,63.99%,8117,18646,2668,18047,,4109,,,,,,,,,,,,,,187
"Berwickshire, Roxburgh & Selkirk",SNP GAIN FROM LD,55038,20145,36.60%,63.40%,19817,2700,1316,10294,20145,631,,,,,135,,,,,,,,,0
Derby North,CON GAIN FROM LAB,44745,16402,36.66%,63.34%,16402,16361,6532,3832,,1618,,,,,,,,,,,,,,0
Leeds North West,LD HOLD,43357,15948,36.78%,63.22%,8083,13041,2997,15948,,3042,,,,,,,,,,,,,,246
Bridgend,LAB HOLD,39453,14624,37.07%,62.93%,12697,14624,5911,1648,,736,,2784,,,763,,,118,,,,,,172
Gower,CON GAIN FROM LAB,42758,15862,37.10%,62.90%,15862,15835,4773,1552,,1161,,3051,,,168,,,103,,,,,,253
Clwyd South,LAB HOLD,35064,13051,37.22%,62.78%,10649,13051,5480,1349,,915,,3620,,,,,,,,,,,,0
Wrexham,LAB HOLD,32719,12181,37.23%,62.77%,10350,12181,5072,1735,,669,,2501,,,211,,,,,,,,,0
Plymouth Moor View,CON GAIN FROM LAB,42606,16020,37.60%,62.40%,16020,14994,9152,1265,,1023,,,,,,,,152,,,,,,0
Burnley,LAB GAIN FROM LD,39746,14951,37.62%,62.38%,5374,14951,6864,11707,,850,,,,,,,,,,,,,,0
Plymouth Sutton & Devonport,CON HOLD,47963,18120,37.78%,62.22%,18120,17597,6731,2008,,3401,,,,,,,,,,,,,,106
Bath,CON GAIN FROM LD,47167,17833,37.81%,62.19%,17833,6216,2922,14000,,5634,,,,,499,,,,,,,,,63
Lewes,CON GAIN FROM LD,50540,19206,38.00%,62.00%,19206,5000,5427,18123,,2784,,,,,,,,,,,,,,0
Thanet South,CON HOLD,49401,18838,38.13%,61.87%,18838,11740,16026,932,,1076,,,,,61,,,,,,,,,728
St Ives,CON GAIN FROM LD,48312,18491,38.27%,61.73%,18491,4510,5720,16022,,3051,,,,,,,,,,,,,,518
Bristol South,LAB HOLD,50842,19505,38.36%,61.64%,12377,19505,8381,4416,,5861,,,,,,,,302,,,,,,0
Newcastle-under-Lyme,LAB HOLD,42997,16520,38.42%,61.58%,15870,16520,7252,1826,,1246,,,,,283,,,,,,,,,0
Carmarthen East & Dinefwr,PC HOLD,39399,15140,38.43%,61.57%,8336,9541,4363,928,,1091,,15140,,,,,,,,,,,,0
Hartlepool,LAB HOLD,36536,14076,38.53%,61.47%,8256,14076,11052,761,,1341,,,,,201,,,,,,,,,849
Morley & Outwood,CON GAIN FROM LAB,48250,18776,38.91%,61.09%,18776,18354,7951,1426,,1264,,,,,,,,,,,,,,479
Colchester,CON GAIN FROM LD,48593,18919,38.93%,61.07%,18919,7852,5870,13344,,2499,,,,,,,,,,,,,,109
Edinburgh West,SNP GAIN FROM LD,54858,21378,38.97%,61.03%,6732,6425,1015,18168,21378,1140,,,,,,,,,,,,,,0
Walsall North,LAB HOLD,36892,14392,39.01%,60.99%,12455,14392,8122,840,,529,,,,,,,,554,,,,,,0
Vale of Clwyd,CON GAIN FROM LAB,35261,13760,39.02%,60.98%,13760,13523,4577,915,,,,2486,,,,,,,,,,,,0
Norfolk North,LD HOLD,49414,19299,39.06%,60.94%,15256,5043,8328,19299,,1488,,,,,,,,,,,,,,0
Edinburgh South,LAB HOLD,49286,19293,39.14%,60.86%,8626,19293,601,1823,16656,2090,,,,,,,,,,,,,,197
Stoke-on-Trent South,LAB HOLD,39107,15319,39.17%,60.83%,12780,15319,8298,1309,,1029,,,,,,,,372,,,,,,0
Kingston & Surbiton,CON GAIN FROM LD,59253,23249,39.24%,60.76%,23249,8574,4321,20415,,2322,,,,,,,,174,,,,,,198
Bristol East,LAB HOLD,46213,18148,39.27%,60.73%,14168,18148,7152,2689,,3827,,,,,,,,229,,,,,,0
Norwich South,LAB GAIN FROM LD,48463,19033,39.27%,60.73%,11379,19033,4539,6607,,6749,,,,,60,,,,,,,,,96
Stoke-on-Trent Central,LAB HOLD,31084,12220,39.31%,60.69%,7008,12220,7041,1296,,1123,,,,,2120,,,,,,,,244,32
Oldham East & Saddleworth,LAB HOLD,44483,17529,39.41%,60.59%,11527,17529,8557,5718,,1152,,,,,,,,,,,,,,0
Mansfield,LAB HOLD,47193,18603,39.42%,60.58%,13288,18603,11850,1642,,1486,,,,,,,,324,,,,,,0
Eastbourne,CON GAIN FROM LD,52907,20934,39.57%,60.43%,20934,4143,6139,20201,,1351,,,,,139,,,,,,,,,0
Telford,CON GAIN FROM LAB,40645,16094,39.60%,60.40%,16094,15364,7330,927,,930,,,,,,,,,,,,,,0
Peterborough,CON HOLD,47075,18684,39.69%,60.31%,18684,16759,7485,1774,,1218,,,,,516,,,,,,,,,639
Great Grimsby,LAB HOLD,33731,13414,39.77%,60.23%,8874,13414,8417,1680,,783,,,,,390,,,173,,,,,,0
"Dumfriesshire, Clydesdale & Tweeddale",CON HOLD,52134,20759,39.82%,60.18%,20759,7711,1472,1392,19961,839,,,,,,,,,,,,,,0
Cardiff Central,LAB GAIN FROM LD,38646,15462,40.01%,59.99%,5674,15462,2499,10481,,2461,,1925,,,34,,,110,,,,,,0
Halifax,LAB HOLD,43753,17506,40.01%,59.99%,17078,17506,5621,1629,,1142,,,,,,,,,,,,465,,312
Alyn & Deeside,LAB HOLD,41314,16540,40.03%,59.97%,13197,16540,7260,1733,,976,,1608,,,,,,,,,,,,0
St Austell & Newquay,CON GAIN FROM LD,50361,20250,40.21%,59.79%,20250,5150,8503,12077,,2318,,,,,,,,,,,,,,2063
Sheffield Hallam,LD HOLD,55232,22215,40.22%,59.78%,7544,19862,3575,22215,,1772,,,,,97,,,,,,,,,167
Camborne & Redruth,CON HOLD,45868,18452,40.23%,59.77%,18452,11448,6776,5687,,2608,,,,,,,,,,,,,,897
Wakefield,LAB HOLD,42973,17301,40.26%,59.74%,14688,17301,7862,1483,,1069,,,,,,,,287,,,,,283,0
Dunbartonshire East,SNP GAIN FROM LD,54871,22093,40.26%,59.74%,4727,6754,567,19926,22093,804,,,,,,,,,,,,,,0
Preseli Pembrokeshire,CON HOLD,40556,16383,40.40%,59.60%,16383,11414,4257,780,,1452,,2518,,,3729,,,,,,,,,23
Stoke-on-Trent North,LAB HOLD,38146,15429,40.45%,59.55%,10593,15429,9542,1137,,1091,,,,,354,,,,,,,,,0
Delyn,LAB HOLD,37457,15187,40.55%,59.45%,12257,15187,6150,1380,,680,,1803,,,,,,,,,,,,0
Renfrewshire East,SNP GAIN FROM LAB,56730,23013,40.57%,59.43%,12465,19295,888,1069,23013,,,,,,,,,,,,,,,0
Bolton West,CON GAIN FROM LAB,48592,19744,40.63%,59.37%,19744,18943,7428,1947,,,,,,,321,,,209,,,,,,0
Derbyshire North East,LAB HOLD,47948,19488,40.64%,59.36%,17605,19488,7631,2004,,1059,,,,,161,,,,,,,,,0
Cardiff West,LAB HOLD,43792,17803,40.65%,59.35%,11014,17803,4923,2069,,1704,,6096,,,,,,183,,,,,,0
Torbay,CON GAIN FROM LD,48079,19551,40.66%,59.34%,19551,4166,6540,16265,,1557,,,,,,,,,,,,,,0
Isle of Wight,CON HOLD,70300,28591,40.67%,59.33%,28591,8984,14888,5235,,9404,,,,,3198,,,,,,,,,0
Brighton Kemptown,CON HOLD,45306,18428,40.67%,59.33%,18428,17738,4446,1365,,3187,,,,,69,,,,,,,,,73
Pontypridd,LAB HOLD,38232,15554,40.68%,59.32%,6969,15554,5085,4904,,992,,4348,,,,,,48,,,,,,332
Newport East,LAB HOLD,35108,14290,40.70%,59.30%,9585,14290,6466,2251,,887,,1231,,,,,,,,,,,,398
Dwyfor Meirionnydd,PC HOLD,28913,11811,40.85%,59.15%,6550,3904,3126,1153,,981,,11811,,,1388,,,,,,,,,0
Fife North East,SNP GAIN FROM LD,45263,18523,40.92%,59.08%,7373,3476,,14179,18523,1387,,,,,325,,,,,,,,,0
Edinburgh North & Leith,SNP GAIN FROM LAB,58008,23742,40.93%,59.07%,9378,18145,847,2634,23742,3140,,,,,,,,,,,,,,122
Coventry North West,LAB HOLD,45246,18557,41.01%,58.99%,14048,18557,7101,1810,,1961,,,,,,,,1769,,,,,,0
Thornbury & Yate,CON GAIN FROM LD,48570,19924,41.02%,58.98%,19924,3775,5126,18429,,1316,,,,,,,,,,,,,,0
Ashfield,LAB HOLD,47409,19448,41.02%,58.98%,10628,19448,10150,7030,,,,,,,,,,,,,,,,153
Brecon & Radnorshire,CON GAIN FROM LD,40074,16453,41.06%,58.94%,16453,5904,3338,11351,,1261,,1767,,,,,,,,,,,,0
Berwick-upon-Tweed,CON GAIN FROM LD,40423,16603,41.07%,58.93%,16603,6042,4513,11689,,1488,,,,,,,,,,,,,,88
Newport West,LAB HOLD,40347,16633,41.22%,58.78%,13123,16633,6134,1581,,1272,,1604,,,,,,,,,,,,0
Twickenham,CON GAIN FROM LD,62004,25580,41.26%,58.74%,25580,7129,3069,23563,,2463,,,,,,,,,,,,,,200
Southampton Test,LAB HOLD,43652,18017,41.27%,58.73%,14207,18017,5566,2121,,2568,,,,,770,,,403,,,,,,0
Llanelli,LAB HOLD,38574,15948,41.34%,58.66%,5534,15948,6269,751,,689,,8853,,,,,,123,,,,,,407
Hazel Grove,CON GAIN FROM LD,43219,17882,41.38%,58.62%,17882,7584,5283,11330,,1140,,,,,,,,,,,,,,0
Orkney & Shetland,LD HOLD,22728,9407,41.39%,58.61%,2025,1624,1082,9407,8590,,,,,,,,,,,,,,,0
Bishop Auckland,LAB HOLD,39389,16307,41.40%,58.60%,12799,16307,7015,1723,,1545,,,,,,,,,,,,,,0
Dumfries & Galloway,SNP GAIN FROM LAB,56602,23440,41.41%,58.59%,16926,13982,1301,953,23440,,,,,,,,,,,,,,,0
Dagenham & Rainham,LAB HOLD,43050,17830,41.42%,58.58%,10492,17830,12850,717,,806,,,,,133,,,,,,,,,222
Aberconwy,CON HOLD,30148,12513,41.51%,58.49%,12513,8514,3467,1391,,727,,3536,,,,,,,,,,,,0
Sutton & Cheam,CON GAIN FROM LD,49905,20732,41.54%,58.46%,20732,5546,5341,16811,,1051,,,,,,,,79,,345,,,,0
Northampton South,CON HOLD,38884,16163,41.57%,58.43%,16163,12370,7114,1673,,1403,,,,,161,,,,,,,,,0
Aberdeenshire West & Kincardine,SNP GAIN FROM LD,55196,22949,41.58%,58.42%,15916,2487,1006,11812,22949,885,,,,,141,,,,,,,,,0
Birmingham Northfield,LAB HOLD,42461,17673,41.62%,58.38%,15164,17673,7106,1349,,1169,,,,,,,,,,,,,,0
Birmingham Yardley,LAB GAIN FROM LD,41151,17129,41.62%,58.38%,5760,17129,6637,10534,,698,,,,,,,,135,,,,187,,71
Aberdeen South,SNP GAIN FROM LAB,48551,20221,41.65%,58.35%,11087,12991,897,2252,20221,964,,,,,139,,,,,,,,,0
Southampton Itchen,CON GAIN FROM LAB,44710,18656,41.73%,58.27%,18656,16340,6010,1595,,1876,,,,,,,,233,,,,,,0
Dewsbury,LAB GAIN FROM CON,53630,22406,41.78%,58.22%,20955,22406,6649,1924,,1366,,,,,,,,,,,,,,330
Dudley North,LAB HOLD,37992,15885,41.81%,58.19%,11704,15885,9113,478,,517,,,,,,,,139,,,,,,156
Brighton Pavilion,GRN HOLD,54676,22871,41.83%,58.17%,12448,14904,2724,1525,,22871,,,,,116,,,,,,,,,88
Bury North,CON HOLD,45230,18970,41.94%,58.06%,18970,18592,5595,932,,1141,,,,,,,,,,,,,,0
Middlesbrough South & Cleveland East,LAB HOLD,45677,19193,42.02%,57.98%,16925,19193,6935,1564,,1060,,,,,,,,,,,,,,0
Penistone & Stocksbridge,LAB HOLD,46854,19691,42.03%,57.97%,12968,19691,10738,2957,,,,,,,,,,,,,,,,500
Hyndburn,LAB HOLD,42887,18076,42.15%,57.85%,13676,18076,9154,859,,1122,,,,,,,,,,,,,,0
Copeland,LAB HOLD,39631,16750,42.26%,57.74%,14186,16750,6148,1368,,1179,,,,,,,,,,,,,,0
Lancaster & Fleetwood,LAB GAIN FROM CON,41738,17643,42.27%,57.73%,16378,17643,4060,1390,,2093,,,,,174,,,,,,,,,0
Coventry South,LAB HOLD,43699,18472,42.27%,57.73%,15284,18472,5709,1779,,1719,,,,,,,,650,,,,,,86
Eastleigh,CON GAIN FROM LD,55505,23464,42.27%,57.73%,23464,7181,8783,14317,,1513,,,,,,,,114,,,,,,133
Hove,LAB GAIN FROM CON,52214,22082,42.29%,57.71%,20846,22082,3265,1861,,3569,,,,,322,,,144,,,,,,125
Warwickshire North,CON HOLD,47377,20042,42.30%,57.70%,20042,17069,8256,978,,894,,,,,,,,138,,,,,,0
Gedling,LAB HOLD,47998,20307,42.31%,57.69%,17321,20307,6930,1906,,1534,,,,,,,,,,,,,,0
Workington,LAB HOLD,38463,16282,42.33%,57.67%,11596,16282,7538,1708,,1149,,,,,190,,,,,,,,,0
Barrow & Furness,LAB HOLD,43275,18320,42.33%,57.67%,17525,18320,5070,1169,,1061,,,,,130,,,,,,,,,0
Waveney,CON HOLD,52196,22104,42.35%,57.65%,22104,19696,7580,1055,,1761,,,,,,,,,,,,,,0
Northampton North,CON HOLD,39411,16699,42.37%,57.63%,16699,13454,6354,1401,,1503,,,,,,,,,,,,,,0
York Central,LAB HOLD,47677,20212,42.39%,57.61%,13496,20212,4795,3804,,4791,,,,,,,,288,,,,,,291
Cardiff North,CON HOLD,51151,21709,42.44%,57.56%,21709,19572,3953,1953,,1254,,2301,,,,,,,,,,,,409
Yeovil,CON GAIN FROM LD,56933,24178,42.47%,57.53%,24178,4053,7646,18865,,2191,,,,,,,,,,,,,,0
East Lothian,SNP GAIN FROM LAB,59014,25104,42.54%,57.46%,11511,18301,1178,1517,25104,1245,,,,,158,,,,,,,,,0
Swansea West,LAB HOLD,35156,14967,42.57%,57.43%,7931,14967,4744,3178,,1784,,2266,,,78,,,159,,,,,,49
Bedford,CON HOLD,46086,19625,42.58%,57.42%,19625,18528,4434,1958,,1412,,,,,129,,,,,,,,,0
Eltham,LAB HOLD,43157,18393,42.62%,57.38%,15700,18393,6481,1308,,1275,,,,,,,,,,,,,,0
Blackpool South,LAB HOLD,31781,13548,42.63%,57.37%,10963,13548,5613,743,,841,,,,,73,,,,,,,,,0
Lincoln,CON HOLD,46852,19976,42.64%,57.36%,19976,18533,5721,1992,,,,,,,,,,344,,,,,,286
Devon North,CON GAIN FROM LD,52320,22341,42.70%,57.30%,22341,3699,7719,15405,,3018,,,,,,,,,,,,,,138
Erewash,CON HOLD,48322,20636,42.71%,57.29%,20636,17052,7792,1658,,1184,,,,,,,,,,,,,,0
Corby,CON WIN,56174,24023,42.77%,57.23%,24023,21611,7708,1458,,1374,,,,,,,,,,,,,,0
Cardiff South & Penarth,LAB HOLD,46657,19966,42.79%,57.21%,12513,19966,6423,2318,,1746,,3433,,,,,,258,,,,,,0
Bosworth,CON HOLD,53582,22939,42.81%,57.19%,22939,9354,9338,11951,,,,,,,,,,,,,,,,0
Canterbury,CON HOLD,53465,22918,42.87%,57.13%,22918,13120,7289,6227,,3746,,,,,,,,,,,,,,165
Darlington,LAB HOLD,41141,17637,42.87%,57.13%,14479,17637,5392,1966,,1444,,,,,,,,223,,,,,,0
Great Yarmouth,CON HOLD,44469,19089,42.93%,57.07%,19089,12935,10270,1030,,978,,,,,,,,,,,,,167,0
Scunthorpe,LAB HOLD,35844,15393,42.94%,57.06%,12259,15393,6329,770,,887,,,,,206,,,,,,,,,0
Bolton North East,LAB HOLD,43161,18541,42.96%,57.04%,14164,18541,8117,1236,,1103,,,,,,,,,,,,,,0
Edinburgh South West,SNP GAIN FROM LAB,51602,22168,42.96%,57.04%,10444,14033,1072,1920,22168,1965,,,,,,,,,,,,,,0
Croydon Central,CON HOLD,52941,22753,42.98%,57.02%,22753,22588,4810,1152,,1454,,,,,,,,127,,,,,,57
Bermondsey & Old Southwark,LAB GAIN FROM LD,51424,22146,43.07%,56.93%,6051,22146,3254,17657,,2023,,,,,72,,,142,,,,,,79
Cheadle,CON GAIN FROM LD,53095,22889,43.11%,56.89%,22889,8673,4423,16436,,,,,,,390,,,,,,,,,284
Heywood & Middleton,LAB HOLD,48538,20926,43.11%,56.89%,9268,20926,15627,1607,,1110,,,,,,,,,,,,,,0
Weaver Vale,CON HOLD,46867,20227,43.16%,56.84%,20227,19421,4547,1395,,1183,,,,,,,,94,,,,,,0
Scarborough & Whitby,CON HOLD,47739,20613,43.18%,56.82%,20613,14413,8162,2159,,2185,,,,,,,,,,,,,,207
Halesowen & Rowley Regis,CON HOLD,43818,18933,43.21%,56.79%,18933,15851,7280,905,,849,,,,,,,,,,,,,,0
Wolverhampton South West,LAB GAIN FROM CON,40209,17374,43.21%,56.79%,16573,17374,4310,845,,1058,,,,,49,,,,,,,,,0
Ealing Central & Acton,LAB GAIN FROM CON,50894,22002,43.23%,56.77%,21728,22002,1926,3106,,1841,,,,,125,,,,,,,,,166
"Chester, City of",LAB GAIN FROM CON,51161,22118,43.23%,56.77%,22025,22118,4148,2870,,,,,,,,,,,,,,,,0
Batley & Spen,LAB HOLD,50479,21826,43.24%,56.76%,15769,21826,9080,2396,,1232,,,,,,,,123,,,,,,53
Dover,CON HOLD,50224,21737,43.28%,56.72%,21737,15443,10177,1572,,1295,,,,,,,,,,,,,,0
Clwyd West,CON HOLD,38028,16463,43.29%,56.71%,16463,9733,4988,1387,,,,4651,,,,,,,,,,,,806
Bradford South,LAB HOLD,37600,16328,43.43%,56.57%,9878,16328,9057,1094,,1243,,,,,,,,,,,,,,0
Watford,CON HOLD,56149,24400,43.46%,56.54%,24400,14606,5481,10152,,1332,,,,,,,,178,,,,,,0
Rother Valley,LAB HOLD,47019,20501,43.60%,56.40%,10945,20501,13204,1992,,,,,,,,,,,,,,,,377
Calder Valley,CON HOLD,53541,23354,43.62%,56.38%,23354,18927,5950,2666,,2090,,,,,,,,,,,,,,554
Carmarthen West & Pembrokeshire South,CON HOLD,40350,17626,43.68%,56.32%,17626,11572,4698,963,,1290,,4201,,,,,,,,,,,,0
Warrington South,CON HOLD,59353,25928,43.68%,56.32%,25928,23178,4909,3335,,1765,,,,,,,,238,,,,,,0
Norwich North,CON HOLD,43592,19052,43.71%,56.29%,19052,14589,5986,1894,,1939,,,,,132,,,,,,,,,0
Enfield North,LAB GAIN FROM CON,46137,20172,43.72%,56.28%,19086,20172,4133,1059,,1303,,,,,,,,177,,,,,,207
Brentford & Isleworth,LAB GAIN FROM CON,57355,25096,43.76%,56.24%,24631,25096,3203,2305,,2120,,,,,,,,,,,,,,0
Dudley South,CON HOLD,38210,16723,43.77%,56.23%,16723,12453,7236,828,,970,,,,,,,,,,,,,,0
Basildon South & Thurrock East,CON HOLD,45192,19788,43.79%,56.21%,19788,11493,12097,1356,,,,,,,205,,,,,,,,,253
Boston & Skegness,CON HOLD,43339,18981,43.80%,56.20%,18981,7142,14645,1015,,800,,,,,170,,,,,,,,,586
Neath,LAB HOLD,37135,16270,43.81%,56.19%,5691,16270,6094,1173,,1185,,6722,,,,,,,,,,,,0
Redcar,LAB GAIN FROM LD,40919,17946,43.86%,56.14%,6630,17946,7516,7558,,880,,,,,,,,,,,,,,389
Ilford North,LAB GAIN FROM CON,48932,21463,43.86%,56.14%,20874,21463,4355,1130,,1023,,,,,87,,,,,,,,,0
Arfon,PC HOLD,26837,11790,43.93%,56.07%,3521,8122,2277,718,,,,11790,,,,,,,,,,,,409
Bristol North West,CON HOLD,51805,22767,43.95%,56.05%,22767,17823,4889,3214,,2952,,,,,,,,160,,,,,,0
Amber Valley,CON HOLD,45717,20106,43.98%,56.02%,20106,15901,7263,1360,,1087,,,,,,,,,,,,,,0
Truro & Falmouth,CON HOLD,51544,22681,44.00%,56.00%,22681,7814,5967,8681,,4483,,,,,792,,,,,526,,,,600
Rochester & Strood,CON WIN,52516,23142,44.07%,55.93%,23142,10396,16009,1251,,1516,,,,,,,,202,,,,,,0
Cannock Chase,CON HOLD,47099,20811,44.19%,55.81%,20811,15888,8224,1270,,906,,,,,,,,,,,,,,0
Luton South,LAB HOLD,42216,18660,44.20%,55.80%,12949,18660,5129,3183,,1237,,,,,900,,,,,,,,,158
Worsley & Eccles South,LAB HOLD,42048,18600,44.24%,55.76%,12654,18600,7688,1100,,1242,,,,,184,,,380,,,,,,200
Argyll & Bute,SNP GAIN FROM LD,51883,22959,44.25%,55.75%,7733,5394,1311,14486,22959,,,,,,,,,,,,,,,0
Keighley,CON HOLD,49123,21766,44.31%,55.69%,21766,18713,5662,1321,,1661,,,,,,,,,,,,,,0
Carlisle,CON HOLD,42587,18873,44.32%,55.68%,18873,16099,5277,1087,,1125,,,,,126,,,,,,,,,0
Caerphilly,LAB HOLD,40283,17864,44.35%,55.65%,6683,17864,7791,935,,937,,5895,,,,,,178,,,,,,0
Hampstead & Kilburn,LAB HOLD,53964,23977,44.43%,55.57%,22839,23977,1532,3039,,2387,,,,,113,,,,,,,,,77
Clacton,UKIP WIN,44207,19642,44.43%,55.57%,16205,6364,19642,812,,1184,,,,,,,,,,,,,,0
Blackpool North & Cleveleys,CON HOLD,39393,17508,44.44%,55.56%,17508,14168,5823,948,,889,,,,,,,,,,,,,,57
Colne Valley,CON HOLD,56800,25246,44.45%,55.55%,25246,19868,5734,3407,,1919,,,,,54,,,,,,,,,572
Stevenage,CON HOLD,47799,21291,44.54%,55.46%,21291,16336,6864,1582,,1369,,,,,67,,,175,,,,,,115
Hastings & Rye,CON HOLD,50927,22686,44.55%,55.45%,22686,17890,6786,1614,,1951,,,,,,,,,,,,,,0
Torfaen,LAB HOLD,37937,16938,44.65%,55.35%,8769,16938,7203,1271,,746,,2169,,,,,,,,,,,,841
Ipswich,CON HOLD,48694,21794,44.76%,55.24%,21794,18061,5703,1400,,1736,,,,,,,,,,,,,,0
Birmingham Edgbaston,LAB HOLD,41293,18518,44.85%,55.15%,15812,18518,4154,1184,,1371,,,,,91,,,,,,,,,163
Huddersfield,LAB HOLD,40478,18186,44.93%,55.07%,10841,18186,5948,2365,,2798,,,,,,,,340,,,,,,0
Stalybridge & Hyde,LAB HOLD,41034,18447,44.96%,55.04%,11761,18447,7720,1256,,1850,,,,,,,,,,,,,,0
Cornwall North,CON GAIN FROM LD,48245,21689,44.96%,55.04%,21689,2621,6121,15068,,2063,,,,,,,,,,,,,,683
High Peak,CON HOLD,50789,22836,44.96%,55.04%,22836,17942,5811,2389,,1811,,,,,,,,,,,,,,0
Crewe & Nantwich,CON HOLD,49896,22445,44.98%,55.02%,22445,18825,7252,1374,,,,,,,,,,,,,,,,0
Sherwood,CON HOLD,50698,22833,45.04%,54.96%,22833,18186,7399,1094,,1108,,,,,,,,,,,,,,78
Montgomeryshire,CON HOLD,33757,15204,45.04%,54.96%,15204,1900,3769,9879,,1260,,1745,,,,,,,,,,,,0
Bury South,LAB HOLD,47215,21272,45.05%,54.95%,16350,21272,6299,1690,,1434,,,,,,,,,,,,,,170
Chorley,LAB HOLD,51712,23322,45.10%,54.90%,18792,23322,6995,1354,,1111,,,,,138,,,,,,,,,0
Wirral West,LAB GAIN FROM CON,41858,18898,45.15%,54.85%,18481,18898,2772,1433,,,,,,,274,,,,,,,,,0
Broxtowe,CON HOLD,53440,24163,45.22%,54.78%,24163,19876,5674,2120,,1544,,,,,,,,,,,,,,63
Wyre Forest,CON HOLD,49440,22394,45.30%,54.70%,22394,9523,7967,1228,,1117,,,,,,,,,,7211,,,,0
Worcester,CON HOLD,49723,22534,45.32%,54.68%,22534,16888,6378,1677,,2024,,,,,69,,,153,,,,,,0
Gloucester,CON HOLD,52565,23827,45.33%,54.67%,23827,16586,7497,2828,,1485,,,,,,,,115,,,,,,227
Maidstone & The Weald,CON HOLD,50010,22745,45.48%,54.52%,22745,5268,7930,12036,,1396,,,,,52,,,,,583,,,,0
Shrewsbury & Atcham,CON HOLD,54102,24628,45.52%,54.48%,24628,15063,7813,4268,,2247,,,,,,,,,,,,,,83
Nuneaton,CON HOLD,45749,20827,45.52%,54.48%,20827,15945,6582,816,,1281,,,,,,,,194,,,,,,104
Morecambe & Lunesdale,CON HOLD,43242,19691,45.54%,54.46%,19691,15101,5358,1612,,1395,,,,,85,,,,,,,,,0
Stirling,SNP GAIN FROM LAB,52135,23783,45.62%,54.38%,12051,13303,,1392,23783,1606,,,,,,,,,,,,,,0
Birmingham Erdington,LAB HOLD,34684,15824,45.62%,54.38%,10695,15824,6040,965,,948,,,,,,,,212,,,,,,0
Oxford West & Abingdon,CON HOLD,57247,26153,45.68%,54.32%,26153,7274,3963,16571,,2497,,,,,,,,,,723,,,,66
Stroud,CON HOLD,60819,27813,45.73%,54.27%,27813,22947,4848,2086,,2779,,,,,246,,,,,,,,,100
Bridgwater & Somerset West,CON HOLD,54447,25020,45.95%,54.05%,25020,9589,10437,6765,,2636,,,,,,,,,,,,,,0
Reading East,CON HOLD,50494,23217,45.98%,54.02%,23217,16697,3647,3719,,3214,,,,,,,,,,,,,,0
Ochil & South Perthshire,SNP GAIN FROM LAB,57871,26620,46.00%,54.00%,11987,16452,1331,1481,26620,,,,,,,,,,,,,,,0
Vale of Glamorgan,CON HOLD,51293,23607,46.02%,53.98%,23607,16727,5489,1309,,1054,,2869,,,,,,,,,,,238,0
Stourbridge,CON HOLD,46029,21195,46.05%,53.95%,21195,14501,7774,1538,,1021,,,,,,,,,,,,,,0
Wolverhampton North East,LAB HOLD,34003,15669,46.08%,53.92%,10174,15669,6524,935,,701,,,,,,,,,,,,,,0
Newcastle upon Tyne North,LAB HOLD,44891,20689,46.09%,53.91%,10536,20689,7447,4366,,1515,,,,,,,,,,,,,,338
Cheltenham,CON GAIN FROM LD,53735,24790,46.13%,53.87%,24790,3902,3808,18274,,2689,,,,,272,,,,,,,,,0
Rochdale,LAB HOLD,45430,20961,46.14%,53.86%,7742,20961,8519,4667,,1382,,,,,,,,,,,,,,2159
Don Valley,LAB HOLD,42486,19621,46.18%,53.82%,10736,19621,9963,1487,,,,,,,,,,437,,,,,,242
Wells,CON GAIN FROM LD,56821,26247,46.19%,53.81%,26247,3780,5644,18662,,2331,,,,,76,,,,,,,,,81
Swindon South,CON HOLD,49263,22777,46.24%,53.76%,22777,16992,5920,1817,,1757,,,,,,,,,,,,,,0
"Caithness, Sutherland & Easter Ross",SNP GAIN FROM LD,34186,15831,46.31%,53.69%,2326,3061,981,11987,15831,,,,,,,,,,,,,,,0
Blyth Valley,LAB HOLD,38461,17813,46.31%,53.69%,8346,17813,8584,2265,,1453,,,,,,,,,,,,,,0
Exeter,LAB HOLD,54018,25062,46.40%,53.60%,17879,25062,5075,2321,,3491,,,,,,,,190,,,,,,0
Pudsey,CON HOLD,50927,23637,46.41%,53.59%,23637,19136,4689,1926,,1539,,,,,,,,,,,,,,0
Rochford & Southend East,CON HOLD,43608,20241,46.42%,53.58%,20241,10765,8948,1459,,2195,,,,,,,,,,,,,,0
Devon East,CON HOLD,54717,25401,46.42%,53.58%,25401,5591,6870,3715,,,,,,,13140,,,,,,,,,0
South Ribble,CON HOLD,52370,24313,46.43%,53.57%,24313,18368,7377,2312,,,,,,,,,,,,,,,,0
Leicester West,LAB HOLD,34522,16051,46.49%,53.51%,8848,16051,5950,1507,,1878,,,,,,,,288,,,,,,0
Rossendale & Darwen,CON HOLD,49024,22847,46.60%,53.40%,22847,17193,6862,806,,1046,,,,,122,,,103,,,,,,45
Cleethorpes,CON HOLD,45089,21026,46.63%,53.37%,21026,13133,8356,1346,,1013,,,,,,,,215,,,,,,0
Bradford East,LAB GAIN FROM LD,41406,19312,46.64%,53.36%,4682,19312,4103,12228,,871,,,,,,,,,,,,,,210
St Albans,CON HOLD,54433,25392,46.65%,53.35%,25392,12660,4271,10076,,2034,,,,,,,,,,,,,,0
Filton & Bradley Stoke,CON HOLD,49101,22920,46.68%,53.32%,22920,13082,7261,3581,,2257,,,,,,,,,,,,,,0
Stockton South,CON HOLD,51797,24221,46.76%,53.24%,24221,19175,5480,1366,,952,,,,,603,,,,,,,,,0
Milton Keynes South,CON HOLD,58949,27601,46.82%,53.18%,27601,18929,7803,2309,,1936,,,,,255,,,,,,,,,116
Westminster North,LAB HOLD,39514,18504,46.83%,53.17%,16527,18504,1489,1457,,1322,,,,,63,,,,,,,,,152
Forest of Dean,CON HOLD,49520,23191,46.83%,53.17%,23191,12204,8792,2630,,2703,,,,,,,,,,,,,,0
Gravesham,CON HOLD,50139,23484,46.84%,53.16%,23484,15114,9306,1111,,1124,,,,,,,,,,,,,,0
Durham North West,LAB HOLD,42818,20074,46.88%,53.12%,10018,20074,7265,3894,,1567,,,,,,,,,,,,,,0
Harrow West,LAB HOLD,46603,21885,46.96%,53.04%,19677,21885,2047,1567,,1310,,,,,117,,,,,,,,,0
Portsmouth North,CON HOLD,45390,21343,47.02%,52.98%,21343,10806,8660,2828,,1450,,,,,,,,231,,,,,,72
Crawley,CON HOLD,48550,22829,47.02%,52.98%,22829,16303,6979,1339,,1100,,,,,,,,,,,,,,0
Redditch,CON HOLD,44098,20771,47.10%,52.90%,20771,13717,7133,1349,,960,,,,,168,,,,,,,,,0
Walsall South,LAB HOLD,41838,19740,47.18%,52.82%,13733,19740,6540,676,,1149,,,,,,,,,,,,,,0
Tooting,LAB HOLD,53529,25263,47.19%,52.81%,22421,25263,1537,2107,,2201,,,,,,,,,,,,,,0
Pendle,CON HOLD,44448,20978,47.20%,52.80%,20978,15525,5415,1487,,1043,,,,,,,,,,,,,,0
Sedgefield,LAB HOLD,38716,18275,47.20%,52.80%,11432,18275,6426,1370,,1213,,,,,,,,,,,,,,0
Milton Keynes North,CON HOLD,57692,27244,47.22%,52.78%,27244,17491,6852,3575,,2255,,,,,112,,,163,,,,,,0
Bexleyheath & Crayford,CON HOLD,43685,20643,47.25%,52.75%,20643,11451,9182,1308,,950,,,,,,,,,,,,,,151
Newton Abbot,CON HOLD,48199,22794,47.29%,52.71%,22794,4736,6726,11506,,2216,,,,,,,,221,,,,,,0
West Bromwich West,LAB HOLD,35026,16578,47.33%,52.67%,8365,16578,8836,550,,697,,,,,,,,,,,,,,0
Chippenham,CON GAIN FROM LD,55407,26354,47.56%,52.44%,26354,4561,5884,16278,,2330,,,,,,,,,,,,,,0
Nottingham South,LAB HOLD,43465,20697,47.62%,52.38%,13761,20697,4900,1532,,2345,,,,,,,,230,,,,,,0
Birmingham Selly Oak,LAB HOLD,45294,21584,47.65%,52.35%,13137,21584,5755,2517,,2301,,,,,,,,,,,,,,0
Gordon,SNP GAIN FROM LD,58161,27717,47.66%,52.34%,6807,3441,1166,19030,27717,,,,,,,,,,,,,,,0
Reading West,CON HOLD,48404,23082,47.69%,52.31%,23082,16432,4826,2355,,1406,,,,,156,,,83,,,,,,64
Cynon Valley,LAB HOLD,30472,14532,47.69%,52.31%,3676,14532,4976,830,,799,,5126,,,,,,,,,,,,533
Ellesmere Port & Neston,LAB HOLD,46727,22316,47.76%,52.24%,16041,22316,5594,1563,,990,,,,,31,,,192,,,,,,0
Warrington North,LAB HOLD,45419,21720,47.82%,52.18%,12797,21720,7757,1881,,1264,,,,,,,,,,,,,,0
Folkestone & Hythe,CON HOLD,55010,26323,47.85%,52.15%,26323,7939,12526,4882,,2956,,,,,,,,244,,,,,,140
Chesterfield,LAB HOLD,45567,21829,47.91%,52.09%,8231,21829,7523,6301,,1352,,,,,,,,202,,,,,,129
Leeds North East,LAB HOLD,48291,23137,47.91%,52.09%,15887,23137,3706,2569,,2541,,,,,,,,,,,,,,451
"Durham, City of",LAB HOLD,45050,21596,47.94%,52.06%,10157,21596,5232,5183,,2687,,,,,195,,,,,,,,,0
Chingford & Woodford Green,CON HOLD,43804,20999,47.94%,52.06%,20999,12613,5644,2400,,1854,,,,,,,,241,,,,,,53
Warwick & Leamington,CON HOLD,50581,24249,47.94%,52.06%,24249,17643,4183,2512,,1994,,,,,,,,,,,,,,0
Weston-Super-Mare,CON HOLD,52552,25203,47.96%,52.04%,25203,9594,9366,5486,,2592,,,,,,,,,,,,,,311
Leeds West,LAB HOLD,38423,18456,48.03%,51.97%,7729,18456,7104,1495,,3217,,,,,,,,205,,,,,217,0
Gillingham & Rainham,CON HOLD,47006,22590,48.06%,51.94%,22590,12060,9199,1707,,1133,,,,,44,,,273,,,,,,0
"Ross, Skye & Lochaber",SNP GAIN FROM LD,41811,20119,48.12%,51.88%,2598,2043,814,14995,20119,1051,,,,,191,,,,,,,,,0
Beverley & Holderness,CON HOLD,52677,25363,48.15%,51.85%,25363,13160,8794,2900,,1802,,,,,,,,,,,,,,658
Wirral South,LAB HOLD,41837,20165,48.20%,51.80%,15566,20165,3737,1474,,895,,,,,,,,,,,,,,0
Sheffield Heeley,LAB HOLD,42048,20269,48.20%,51.80%,6792,20269,7315,4746,,2566,,,,,,,,238,,,,,,122
Tynemouth,LAB HOLD,53495,25791,48.21%,51.79%,17551,25791,6541,1595,,2017,,,,,,,,,,,,,,0
Bournemouth West,CON HOLD,41773,20155,48.25%,51.75%,20155,7386,7745,3281,,3107,,,,,,,,,,,,,,99
Kingswood,CON HOLD,48125,23252,48.32%,51.68%,23252,14246,7133,1827,,1370,,,,,,,,84,,,,,,213
Stafford,CON HOLD,48767,23606,48.41%,51.59%,23606,14429,6293,1348,,1390,,,,,,,,,,1701,,,,0
Elmet & Rothwell,CON HOLD,57797,27978,48.41%,51.59%,27978,19488,6430,2640,,1261,,,,,,,,,,,,,,0
Cambridgeshire South East,CON HOLD,59506,28845,48.47%,51.53%,28845,9013,6593,12008,,3047,,,,,,,,,,,,,,0
Slough,LAB HOLD,48275,23421,48.52%,51.48%,16085,23421,6274,1275,,1220,,,,,,,,,,,,,,0
Basingstoke,CON HOLD,53076,25769,48.55%,51.45%,25769,14706,8290,3919,,,,,,,392,,,,,,,,,0
Chipping Barnet,CON HOLD,53013,25759,48.59%,51.41%,25759,18103,4151,2381,,2501,,,,,118,,,,,,,,,0
Bassetlaw,LAB HOLD,49289,23965,48.62%,51.38%,15122,23965,7865,1331,,1006,,,,,,,,,,,,,,0
Lanark & Hamilton East,SNP GAIN FROM LAB,55258,26976,48.82%,51.18%,8772,16876,1431,1203,26976,,,,,,,,,,,,,,,0
"Ayr, Carrick & Cumnock",SNP GAIN FROM LAB,52209,25492,48.83%,51.17%,10355,14227,1280,855,25492,,,,,,,,,,,,,,,0
Harlow,CON HOLD,44251,21623,48.86%,51.14%,21623,13273,7208,904,,954,,,,,,,,174,,,,,,115
Dorset South,CON HOLD,48597,23756,48.88%,51.12%,23756,11762,7304,2901,,2275,,,,,435,,,,,,,,,164
Aberavon,LAB HOLD,31523,15416,48.90%,51.10%,3742,15416,4971,1397,,711,,3663,,,1137,,,134,,,,,,352
Islwyn,LAB HOLD,35401,17336,48.97%,51.03%,5366,17336,6932,950,,659,,3794,,,,,,151,,,,,,213
Dartford,CON HOLD,52418,25670,48.97%,51.03%,25670,13325,10434,1454,,1324,,,,,,,,,,,,,,211
Hornchurch & Upminster,CON HOLD,55236,27051,48.97%,51.03%,27051,11103,13977,1501,,1411,,,,,,,,,,,,,,193
Thanet North,CON HOLD,47053,23045,48.98%,51.02%,23045,8411,12097,1645,,1719,,,,,,,,,,,,,,136
Derby South,LAB HOLD,40820,20007,49.01%,50.99%,11179,20007,6341,1717,,1208,,,,,,,,225,,,,,,143
Hendon,CON HOLD,49630,24328,49.02%,50.98%,24328,20604,2595,1088,,1015,,,,,,,,,,,,,,0
Rugby,CON HOLD,49006,24040,49.06%,50.94%,24040,13695,6855,2776,,1415,,,,,,,,225,,,,,,0
Doncaster Central,LAB HOLD,40420,19840,49.08%,50.92%,8386,19840,9747,1717,,,,,,,,,,421,,,,,,309
York Outer,CON HOLD,53873,26447,49.09%,50.91%,26447,13348,5251,6269,,2558,,,,,,,,,,,,,,0
Stockton North,LAB HOLD,39571,19436,49.12%,50.88%,11069,19436,7581,884,,,,,,,,,,,,,,,,601
Fylde,CON HOLD,43557,21406,49.14%,50.86%,21406,8182,5569,1623,,1381,,,,,5166,,,,,,,,,230
Blaydon,LAB HOLD,44936,22090,49.16%,50.84%,7838,22090,7863,5497,,1648,,,,,,,,,,,,,,0
Hull West & Hessle,LAB HOLD,31803,15646,49.20%,50.80%,5561,15646,6313,3169,,943,,,,,,,,171,,,,,,0
Solihull,CON GAIN FROM LD,54779,26956,49.21%,50.79%,26956,5693,6361,14054,,1632,,,,,,,,,,,,,,83
Bournemouth East,CON HOLD,44827,22060,49.21%,50.79%,22060,7448,7401,3752,,3263,,,,,,,,,,,,,,903
Edinburgh East,SNP GAIN FROM LAB,47089,23188,49.24%,50.76%,4670,14082,898,1325,23188,2809,,,,,,,,117,,,,,,0
Lancashire West,LAB HOLD,49676,24474,49.27%,50.73%,16114,24474,6058,1298,,1582,,,,,,,,,,,,,,150
Derbyshire South,CON HOLD,50762,25066,49.38%,50.62%,25066,13595,8998,1887,,1216,,,,,,,,,,,,,,0
Salford & Eccles,LAB HOLD,43261,21364,49.38%,50.62%,8823,21364,7806,1614,,2251,,,,,,,,517,,,,,,886
Enfield Southgate,CON HOLD,45812,22624,49.38%,50.62%,22624,17871,2109,1518,,1690,,,,,,,,,,,,,,0
Newcastle upon Tyne East,LAB HOLD,39222,19378,49.41%,50.59%,6884,19378,4910,4332,,3426,,,,,,,,170,,,,,,122
Sittingbourne & Sheppey,CON HOLD,49378,24425,49.47%,50.53%,24425,9673,12257,1563,,1185,,,,,,,,,,,,,,275
Worthing East & Shoreham,CON HOLD,49898,24686,49.47%,50.53%,24686,9737,8267,3360,,2605,,,,,,,,,,1243,,,,0
Leicestershire North West,CON HOLD,51548,25505,49.48%,50.52%,25505,14132,8704,2033,,1174,,,,,,,,,,,,,,0
Moray,SNP HOLD,49280,24384,49.48%,50.52%,15319,4898,1939,1395,24384,1345,,,,,,,,,,,,,,0
Loughborough,CON HOLD,52020,25762,49.52%,50.48%,25762,16579,5704,2130,,1845,,,,,,,,,,,,,,0
Bradford West,LAB WIN,40290,19977,49.58%,50.42%,6160,19977,3140,1173,,1085,,,,,100,,,,,,,8557,,98
Spelthorne,CON HOLD,49079,24386,49.69%,50.31%,24386,9114,10234,3163,,1724,,,,,230,,,228,,,,,,0
"Wrekin, The",CON HOLD,45437,22579,49.69%,50.31%,22579,11836,7620,1959,,1443,,,,,,,,,,,,,,0
Ashton-under-Lyne,LAB HOLD,38918,19366,49.76%,50.24%,8610,19366,8468,943,,1531,,,,,,,,,,,,,,0
Erith & Thamesmead,LAB HOLD,42617,21209,49.77%,50.23%,11684,21209,7368,972,,941,,,,,,,,,,,,,,443
Somerset North East,CON HOLD,51110,25439,49.77%,50.23%,25439,12690,6150,4029,,2802,,,,,,,,,,,,,,0
Southend West,CON HOLD,44509,22175,49.82%,50.18%,22175,8154,7803,4129,,2083,,,,,,,,,,,,,,165
Stockport,LAB HOLD,39649,19771,49.87%,50.13%,9710,19771,5206,3034,,1753,,,,,,,,,,,,,,175
Monmouth,CON HOLD,47492,23701,49.91%,50.09%,23701,12719,4972,2496,,1629,,1875,,,,,,,,,,,,100
Shipley,CON HOLD,50542,25269,50.00%,50.00%,25269,15645,4479,1949,,2657,,,,,,,,,,,,,,543
Hammersmith,LAB HOLD,47960,23981,50.00%,50.00%,17463,23981,2105,2224,,2105,,,,,82,,,,,,,,,0
Wansbeck,LAB HOLD,38528,19267,50.01%,49.99%,8386,19267,7014,2407,,1454,,,,,,,,,,,,,,0
Oxford East,LAB HOLD,50689,25356,50.02%,49.98%,10076,25356,3451,5453,,5890,,,,,160,,,108,,,,,,195
Tamworth,CON HOLD,47174,23606,50.04%,49.96%,23606,12304,8727,1427,,1110,,,,,,,,,,,,,,0
"Inverness, Nairn, Badenoch & Strathspey",SNP GAIN FROM LD,57613,28838,50.05%,49.95%,3410,4311,1236,18029,28838,1367,,,,,,,,,,,,,,422
Ribble Valley,CON HOLD,50745,25404,50.06%,49.94%,25404,11798,8250,2756,,2193,,,,,288,,,,,,,,,56
Poole,CON HOLD,47393,23745,50.10%,49.90%,23745,6102,7956,5572,,2198,,,,,54,,,,,,,,,1766
Burton,CON HOLD,49334,24736,50.14%,49.86%,24736,13484,8658,1232,,1224,,,,,,,,,,,,,,0
Wythenshawe & Sale East,LAB HOLD,43263,21693,50.14%,49.86%,11124,21693,6354,1927,,1658,,,,,,,,215,,,,,,292
Dorset West,CON HOLD,56458,28329,50.18%,49.82%,28329,5633,7055,12199,,3242,,,,,,,,,,,,,,0
Chatham & Aylesford,CON HOLD,43073,21614,50.18%,49.82%,21614,10159,8581,1360,,1101,,,,,,,,125,,,,,,133
Sunderland Central,LAB HOLD,41762,20959,50.19%,49.81%,9780,20959,7997,1105,,1706,,,,,215,,,,,,,,,0
West Bromwich East,LAB HOLD,37492,18817,50.19%,49.81%,9347,18817,7949,751,,628,,,,,,,,,,,,,,0
Dunfermline & West Fife,SNP GAIN FROM LAB,55890,28096,50.27%,49.73%,6623,17744,,2232,28096,1195,,,,,,,,,,,,,,0
Swindon North,CON HOLD,52242,26295,50.33%,49.67%,26295,14509,8011,1704,,1723,,,,,,,,,,,,,,0
Taunton Deane,CON GAIN FROM LD,55319,27849,50.34%,49.66%,27849,5347,6921,12358,,2630,,,,,96,,,118,,,,,,0
Harrow East,CON HOLD,49000,24668,50.34%,49.66%,24668,19911,2333,1037,,846,,,,,,,,205,,,,,,0
Welwyn Hatfield,CON HOLD,50205,25281,50.36%,49.64%,25281,13128,6556,3140,,1742,,,,,216,,,142,,,,,,0
Uxbridge & Ruislip South,CON HOLD,44670,22511,50.39%,49.61%,22511,11816,6346,2215,,1414,,,,,14,,,180,,,,,,174
Bolton South East,LAB HOLD,40743,20555,50.45%,49.55%,8289,20555,9627,1072,,1200,,,,,,,,,,,,,,0
Broadland,CON HOLD,53089,26808,50.50%,49.50%,26808,9970,8881,5178,,2252,,,,,,,,,,,,,,0
Perth & North Perthshire,SNP HOLD,54200,27379,50.51%,49.49%,17738,4413,1110,2059,27379,1146,,,,,355,,,,,,,,,0
Cornwall South East,CON HOLD,50498,25516,50.53%,49.47%,25516,4692,7698,8521,,2718,,,,,350,,,,,,,,,1003
Yorkshire East,CON HOLD,49991,25276,50.56%,49.44%,25276,10343,8955,2966,,1731,,,,,,,,,,,,,,720
Lewisham West & Penge,LAB HOLD,48125,24347,50.59%,49.41%,11633,24347,3764,3709,,4077,,,,,160,,,391,,,,,,44
Aldershot,CON HOLD,46191,23369,50.59%,49.41%,23369,8468,8253,4076,,2025,,,,,,,,,,,,,,0
Midlothian,SNP GAIN FROM LAB,48331,24453,50.59%,49.41%,5760,14594,1173,1132,24453,1219,,,,,,,,,,,,,,0
Rhondda,LAB HOLD,31538,15976,50.66%,49.34%,2116,15976,3998,474,,453,,8521,,,,,,,,,,,,0
Aylesbury,CON HOLD,55419,28083,50.67%,49.33%,28083,8391,10925,5885,,2135,,,,,,,,,,,,,,0
Paisley & Renfrewshire North,SNP GAIN FROM LAB,50462,25601,50.73%,49.27%,6183,16525,,1055,25601,703,,,,,,,,193,,,,,202,0
Denton & Reddish,LAB HOLD,38681,19661,50.83%,49.17%,9150,19661,7225,957,,1466,,,,,222,,,,,,,,,0
Dorset Mid & Poole North,CON GAIN FROM LD,46499,23639,50.84%,49.16%,23639,2767,5663,13109,,1321,,,,,,,,,,,,,,0
Castle Point,CON HOLD,45450,23112,50.85%,49.15%,23112,6283,14178,801,,1076,,,,,,,,,,,,,,0
Devon West & Torridge,CON HOLD,56584,28774,50.85%,49.15%,28774,6015,10371,7483,,3941,,,,,,,,,,,,,,0
Finchley & Golders Green,CON HOLD,50759,25835,50.90%,49.10%,25835,20173,1732,1662,,1357,,,,,,,,,,,,,,0
Hornsey & Wood Green,LAB GAIN FROM LD,57785,29417,50.91%,49.09%,5347,29417,1271,18359,,3146,,,,,,,,,,,,,,245
Norfolk South West,CON HOLD,50110,25515,50.92%,49.08%,25515,8649,11654,2217,,2075,,,,,,,,,,,,,,0
Islington South & Finsbury,LAB HOLD,44270,22547,50.93%,49.07%,9839,22547,3375,4829,,3371,,,,,,,,,,,,,309,0
Paisley & Renfrewshire South,SNP GAIN FROM LAB,46226,23548,50.94%,49.06%,3526,17864,,1010,23548,,,,,,,,,,,,,,,278
Romford,CON HOLD,49178,25067,50.97%,49.03%,25067,10268,11208,1413,,1222,,,,,,,,,,,,,,0
Eddisbury,CON HOLD,47352,24167,51.04%,48.96%,24167,11193,5778,4289,,1624,,,,,,,,,,,,,301,0
Harwich & Essex North,CON HOLD,48432,24722,51.04%,48.96%,24722,9548,8464,3576,,2122,,,,,,,,,,,,,,0
Cambridgeshire South,CON HOLD,61540,31454,51.11%,48.89%,31454,10860,6010,9368,,3848,,,,,,,,,,,,,,0
Staffordshire Moorlands,CON HOLD,42587,21770,51.12%,48.88%,21770,11596,6236,1759,,1226,,,,,,,,,,,,,,0
Louth & Horncastle,CON HOLD,50336,25755,51.17%,48.83%,25755,9077,10778,2255,,1549,,,,,,,,,,,,,,922
Bolsover,LAB HOLD,43998,22542,51.23%,48.77%,10764,22542,9228,1464,,,,,,,,,,,,,,,,0
South Shields,LAB HOLD,36265,18589,51.26%,48.74%,6021,18589,7975,639,,1614,,,,,1427,,,,,,,,,0
Bognor Regis & Littlehampton,CON HOLD,47116,24185,51.33%,48.67%,24185,6508,10241,4240,,1942,,,,,,,,,,,,,,0
Hemsworth,LAB HOLD,42406,21772,51.34%,48.66%,9694,21772,8565,1357,,,,,,,,,,,,,,,,1018
Rushcliffe,CON HOLD,55164,28354,51.40%,48.60%,28354,14525,5943,2783,,3559,,,,,,,,,,,,,,0
Wycombe,CON HOLD,51439,26444,51.41%,48.59%,26444,11588,5198,4546,,3086,,,,,577,,,,,,,,,0
Sheffield South East,LAB HOLD,41685,21439,51.43%,48.57%,7242,21439,9128,2226,,1117,,,,,,,,185,,,,,207,141
Shropshire North,CON HOLD,52573,27041,51.44%,48.56%,27041,10547,9262,3148,,2575,,,,,,,,,,,,,,0
Worthing West,CON HOLD,50763,26124,51.46%,48.54%,26124,7955,9269,4477,,2938,,,,,,,,,,,,,,0
Westmorland & Lonsdale,LD HOLD,48929,25194,51.49%,48.51%,16245,2661,3031,25194,,1798,,,,,,,,,,,,,,0
Chelmsford,CON HOLD,53817,27732,51.53%,48.47%,27732,9482,7652,6394,,1892,,,,,,,,,,,,,,665
Havant,CON HOLD,44828,23159,51.66%,48.34%,23159,7149,9239,2929,,2352,,,,,,,,,,,,,,0
Hull East,LAB HOLD,35144,18180,51.73%,48.27%,5593,18180,7861,2294,,806,,,,,,,,,,,,,,410
Kettering,CON HOLD,47218,24467,51.82%,48.18%,24467,11877,7600,1490,,1633,,,,,,,,,,,,,,151
Makerfield,LAB HOLD,44788,23208,51.82%,48.18%,8752,23208,10053,1639,,1136,,,,,,,,,,,,,,0
Suffolk Coastal,CON HOLD,55594,28855,51.90%,48.10%,28855,10013,8655,4777,,3294,,,,,,,,,,,,,,0
Linlithgow & Falkirk East,SNP GAIN FROM LAB,61597,32055,52.04%,47.96%,7384,19121,1682,1252,32055,,,,,,,,,,,,,,,103
Aldridge-Brownhills,CON HOLD,39497,20558,52.05%,47.95%,20558,8835,7751,1330,,826,,,,,,,,,,,,,,197
Wellingborough,CON HOLD,50430,26265,52.08%,47.92%,26265,9839,9868,2240,,2218,,,,,,,,,,,,,,0
Wimbledon,CON HOLD,48422,25225,52.09%,47.91%,25225,12606,2476,6129,,1986,,,,,,,,,,,,,,0
Norfolk Mid,CON HOLD,52212,27206,52.11%,47.89%,27206,9585,9930,3300,,2191,,,,,,,,,,,,,,0
Coventry North East,LAB HOLD,42231,22025,52.15%,47.85%,9751,22025,6278,2007,,1245,,,,,,,,633,,,,,,292
Wigan,LAB HOLD,45293,23625,52.16%,47.84%,9389,23625,8818,1255,,1273,,,,,165,,,,,,,,,768
Suffolk West,CON HOLD,49232,25684,52.17%,47.83%,25684,8604,10700,2465,,1779,,,,,,,,,,,,,,0
Derbyshire Mid,CON HOLD,47729,24908,52.19%,47.81%,24908,12134,6497,2292,,1898,,,,,,,,,,,,,,0
Greenwich & Woolwich,LAB HOLD,46716,24384,52.20%,47.80%,12438,24384,3888,2645,,2991,,,,,,,,370,,,,,,0
Norfolk North West,CON HOLD,47371,24727,52.20%,47.80%,24727,10779,8412,1673,,1780,,,,,,,,,,,,,,0
Devon Central,CON HOLD,54448,28436,52.23%,47.77%,28436,6985,7171,6643,,4866,,,,,347,,,,,,,,,0
Kirkcaldy & Cowdenbeath,SNP GAIN FROM LAB,52892,27628,52.23%,47.77%,5223,17654,1237,1150,27628,,,,,,,,,,,,,,,0
Luton North,LAB HOLD,42571,22243,52.25%,47.75%,12739,22243,5318,1299,,972,,,,,,,,,,,,,,0
Kensington,CON HOLD,34828,18199,52.25%,47.75%,18199,10838,1557,1962,,1765,,,,,,,,,,,,,211,296
Feltham & Heston,LAB HOLD,49405,25845,52.31%,47.69%,14382,25845,6209,1579,,1390,,,,,,,,,,,,,,0
Derbyshire Dales,CON HOLD,47361,24805,52.37%,47.63%,24805,10761,5508,3965,,2173,,,,,,,,,,,,,,149
Battersea,CON HOLD,51031,26730,52.38%,47.62%,26730,18792,1586,2241,,1682,,,,,,,,,,,,,,0
Doncaster North,LAB HOLD,39501,20708,52.42%,47.58%,7235,20708,8928,1005,,757,,,,,,,,258,,,,,,610
Ashford,CON HOLD,57372,30094,52.45%,47.55%,30094,10580,10798,3433,,2467,,,,,,,,,,,,,,0
Cambridgeshire North West,CON HOLD,61100,32070,52.49%,47.51%,32070,10927,12275,3479,,2159,,,,,,,,,,,,,,190
Selby & Ainsty,CON HOLD,52804,27725,52.51%,47.49%,27725,14168,7389,1920,,1465,,,,,,,,137,,,,,,0
Rotherham,LAB HOLD,37823,19860,52.51%,47.49%,4656,19860,11414,1093,,,,,,,,,,409,,,,,,391
Glasgow Central,SNP GAIN FROM LAB,39318,20658,52.54%,47.46%,2359,12996,786,612,20658,1559,,,,,,,,119,,,,,171,58
Macclesfield,CON HOLD,49598,26063,52.55%,47.45%,26063,11252,6037,3842,,2404,,,,,,,,,,,,,,0
Rutherglen & Hamilton West,SNP GAIN FROM LAB,57615,30279,52.55%,47.45%,4350,20304,1301,1045,30279,,,,,,,,,,,,,,336,0
Hereford & Herefordshire South,CON HOLD,47257,24844,52.57%,47.43%,24844,6042,7954,5002,,3415,,,,,,,,,,,,,,0
Thirsk & Malton,CON HOLD,52365,27545,52.60%,47.40%,27545,8089,7805,4703,,2404,,,,,692,,,,,,,,,1127
Wiltshire South West,CON HOLD,51643,27198,52.67%,47.33%,27198,6948,9030,5482,,2985,,,,,,,,,,,,,,0
Gainsborough,CON HOLD,49261,25949,52.68%,47.32%,25949,10500,7727,3290,,1290,,,,,,,,,,,,,,505
Hexham,CON HOLD,43345,22834,52.68%,47.32%,22834,10803,4302,2961,,2445,,,,,,,,,,,,,,0
Basildon & Billericay,CON HOLD,43028,22668,52.68%,47.32%,22668,10186,8538,1636,,,,,,,,,,,,,,,,0
Harborough,CON HOLD,52471,27675,52.74%,47.26%,27675,8043,7539,7037,,2177,,,,,,,,,,,,,,0
Harrogate & Knaresborough,CON HOLD,53376,28153,52.74%,47.26%,28153,5409,5681,11782,,2351,,,,,,,,,,,,,,0
Old Bexley & Sidcup,CON HOLD,46748,24682,52.80%,47.20%,24682,8879,8528,1644,,1336,,,,,,,,,,1216,,,,463
Hull North,LAB HOLD,35336,18661,52.81%,47.19%,5306,18661,5762,3175,,2066,,,,,,,,,,,,,,366
Grantham & Stamford,CON HOLD,53755,28399,52.83%,47.17%,28399,9070,9410,3263,,1872,,,,,1017,,,,,,,,,724
Hemel Hempstead,CON HOLD,49633,26245,52.88%,47.12%,26245,11825,7249,2402,,1660,,,,,252,,,,,,,,,0
Holborn & St Pancras,LAB HOLD,54917,29062,52.92%,47.08%,12014,29062,2740,3555,,7013,,,,,,,,,,,,,252,281
Ogmore,LAB HOLD,35250,18663,52.94%,47.06%,5620,18663,5420,1072,,754,,3556,,,,,,165,,,,,,0
Totnes,CON HOLD,47097,24941,52.96%,47.04%,24941,5988,6656,4667,,4845,,,,,,,,,,,,,,0
Swansea East,LAB HOLD,33618,17807,52.97%,47.03%,5142,17807,5779,1392,,,,3498,,,,,,,,,,,,0
Bromley & Chislehurst,CON HOLD,44066,23343,52.97%,47.03%,23343,9779,6285,2836,,1823,,,,,,,,,,,,,,0
Somerton & Frome,CON GAIN FROM LD,60309,31960,52.99%,47.01%,31960,4419,6439,11692,,5434,,,,,365,,,,,,,,,0
Altrincham & Sale West,CON HOLD,50517,26771,52.99%,47.01%,26771,13481,4047,4235,,1983,,,,,,,,,,,,,,0
Banbury,CON HOLD,58008,30749,53.01%,46.99%,30749,12354,8050,3440,,2686,,,,,,,,,,729,,,,0
Streatham,LAB HOLD,49933,26474,53.02%,46.98%,12540,26474,1602,4491,,4421,,,,,,,,164,,,,,192,49
Huntingdon,CON HOLD,55926,29652,53.02%,46.98%,29652,10248,9473,4375,,2178,,,,,,,,,,,,,,0
Brigg & Goole,CON HOLD,43270,22946,53.03%,46.97%,22946,11770,6694,764,,915,,,,,153,,,,,,,,,28
Stretford & Urmston,LAB HOLD,46386,24601,53.04%,46.96%,12916,24601,5068,1362,,2187,,,,,,,,,,,,,,252
Suffolk South,CON HOLD,51907,27546,53.07%,46.93%,27546,10001,7897,4044,,2253,,,,,,,,,,,,,,166
Glasgow North,SNP GAIN FROM LAB,36922,19610,53.11%,46.89%,2901,10315,486,1012,19610,2284,,,,,,,,160,,,,,154,0
Ayrshire North & Arran,SNP GAIN FROM LAB,53869,28641,53.17%,46.83%,7968,15068,1296,896,28641,,,,,,,,,,,,,,,0
Wyre & Preston North,CON HOLD,49893,26528,53.17%,46.83%,26528,12377,6577,2712,,1699,,,,,,,,,,,,,,0
Ayrshire Central,SNP GAIN FROM LAB,50774,26999,53.17%,46.83%,8803,13410,,917,26999,645,,,,,,,,,,,,,,0
Leicestershire South,CON HOLD,53926,28700,53.22%,46.78%,28700,11876,9363,3987,,,,,,,,,,,,,,,,0
Congleton,CON HOLD,50976,27164,53.29%,46.71%,27164,10391,6922,4623,,1876,,,,,,,,,,,,,,0
Wantage,CON HOLD,58320,31092,53.31%,46.69%,31092,9343,7288,7611,,2986,,,,,,,,,,,,,,0
Wolverhampton South East,LAB HOLD,34759,18531,53.31%,46.69%,7764,18531,7061,798,,605,,,,,,,,,,,,,,0
Somerset North,CON HOLD,58942,31540,53.51%,46.49%,31540,8441,7669,7486,,3806,,,,,,,,,,,,,,0
Bury St Edmunds,CON HOLD,59341,31815,53.61%,46.39%,31815,10514,8739,3581,,4692,,,,,,,,,,,,,,0
Manchester Withington,LAB GAIN FROM LD,49968,26845,53.72%,46.28%,4872,26845,2172,11970,,4048,,,,,61,,,,,,,,,0
Leeds East,LAB HOLD,38196,20530,53.75%,46.25%,7997,20530,7256,1296,,1117,,,,,,,,,,,,,,0
Putney,CON HOLD,42813,23018,53.76%,46.24%,23018,12838,1989,2717,,2067,,,,,,,,,,,,,,184
Vauxhall,LAB HOLD,47941,25778,53.77%,46.23%,13070,25778,1385,3312,,3658,,,,,,,,,,,,,164,574
Sefton Central,LAB HOLD,49021,26359,53.77%,46.23%,14513,26359,4879,2086,,1184,,,,,,,,,,,,,,0
Braintree,CON HOLD,50283,27071,53.84%,46.16%,27071,9296,9461,2488,,1564,,,,,295,,,,,,,,,108
Bromsgrove,CON HOLD,52245,28133,53.85%,46.15%,28133,11604,8163,2616,,1729,,,,,,,,,,,,,,0
Merthyr Tydfil & Rhymney,LAB HOLD,32715,17619,53.86%,46.14%,3292,17619,6106,1351,,603,,3099,,,459,,,,,,,,,186
Leigh,LAB HOLD,45123,24312,53.88%,46.12%,10216,24312,8903,1150,,,,,,,,,,542,,,,,,0
Airdrie & Shotts,SNP GAIN FROM LAB,44286,23887,53.94%,46.06%,3389,15108,1088,678,23887,,,,,,136,,,,,,,,,0
Tiverton & Honiton,CON HOLD,53746,29013,53.98%,46.02%,29013,6835,8857,5626,,3415,,,,,,,,,,,,,,0
Dulwich & West Norwood,LAB HOLD,51362,27772,54.07%,45.93%,11650,27772,1606,5055,,4844,,,,,125,,,248,,,,,,62
Cities of London & Westminster,CON HOLD,36185,19570,54.08%,45.92%,19570,9899,1894,2521,,1953,,,,,,,,,,,,,160,188
Haltemprice & Howden,CON HOLD,48757,26414,54.17%,45.83%,26414,10219,6781,3055,,1809,,,,,,,,,,,,,,479
Angus,SNP HOLD,44485,24130,54.24%,45.76%,12900,3919,1355,1216,24130,965,,,,,,,,,,,,,,0
Norfolk South,CON HOLD,57123,30995,54.26%,45.74%,30995,10502,7847,4689,,3090,,,,,,,,,,,,,,0
Brent North,LAB HOLD,52235,28351,54.28%,45.72%,17517,28351,2024,2607,,1539,,,,,197,,,,,,,,,0
Ludlow,CON HOLD,48063,26093,54.29%,45.71%,26093,5902,7164,6469,,2435,,,,,,,,,,,,,,0
Romsey & Southampton North,CON HOLD,48398,26285,54.31%,45.69%,26285,5749,5511,8573,,2280,,,,,,,,,,,,,,0
Charnwood,CON HOLD,52261,28384,54.31%,45.69%,28384,11453,8330,3605,,,,,,,,,,,,,,,,489
Na h-Eileanan an Iar (Western Isles),SNP HOLD,15938,8662,54.35%,45.65%,1215,4560,,456,8662,,,,,,,,,,,,,,,1045
Faversham & Mid Kent,CON HOLD,45803,24895,54.35%,45.65%,24895,7403,8243,3039,,1768,,,,,,,,,,,,,,455
Croydon South,CON HOLD,57712,31448,54.49%,45.51%,31448,14308,6068,3448,,2154,,,,,,,,,,,,,,286
Glasgow North West,SNP GAIN FROM LAB,43854,23908,54.52%,45.48%,3692,13544,,1194,23908,1167,,,,,,,,,,,,,213,136
Tewkesbury,CON HOLD,55344,30176,54.52%,45.48%,30176,8204,7128,7629,,2207,,,,,,,,,,,,,,0
Nottingham North,LAB HOLD,35343,19283,54.56%,45.44%,7423,19283,6542,847,,1088,,,,,,,,160,,,,,,0
Sutton Coldfield,CON HOLD,50854,27782,54.63%,45.37%,27782,11365,7489,2627,,1426,,,,,,,,,,,,,,165
Rayleigh & Wickford,CON HOLD,53220,29088,54.66%,45.34%,29088,6705,11858,1622,,1529,,,,,2418,,,,,,,,,0
Stone,CON HOLD,47031,25733,54.71%,45.29%,25733,9483,7620,2473,,1191,,,,,531,,,,,,,,,0
Barnsley East,LAB HOLD,38513,21079,54.73%,45.27%,5622,21079,9045,1213,,,,,,,,,,364,,,,,,1190
Meriden,CON HOLD,52603,28791,54.73%,45.27%,28791,9996,8908,2638,,2170,,,,,,,,,,,,,,100
Epping Forest,CON HOLD,49348,27027,54.77%,45.23%,27027,7962,9049,3448,,1782,,,,,,,,,,,,,,80
Nottingham East,LAB HOLD,35068,19208,54.77%,45.23%,7314,19208,3501,1475,,3473,,,,,97,,,,,,,,,0
Bexhill & Battle,CON HOLD,55218,30245,54.77%,45.23%,30245,7797,10170,4199,,2807,,,,,,,,,,,,,,0
Richmond (Yorks),CON HOLD,50651,27744,54.77%,45.23%,27744,7124,8194,3465,,2313,,,,,1811,,,,,,,,,0
Oldham West & Royton,LAB HOLD,43137,23630,54.78%,45.22%,8187,23630,8892,1589,,839,,,,,,,,,,,,,,0
Glasgow South,SNP GAIN FROM LAB,48778,26773,54.89%,45.11%,4752,14504,,1019,26773,1431,,,,,,,,299,,,,,,0
Durham North,LAB HOLD,40146,22047,54.92%,45.08%,8403,22047,6404,2046,,1246,,,,,,,,,,,,,,0
"Normanton, Pontefract & Castleford",LAB HOLD,45897,25213,54.93%,45.07%,9569,25213,9785,1330,,,,,,,,,,,,,,,,0
Leeds Central,LAB HOLD,45048,24758,54.96%,45.04%,7791,24758,7082,1529,,3558,,,,,,,,330,,,,,,0
Washington & Sunderland West,LAB HOLD,37257,20478,54.96%,45.04%,7033,20478,7321,993,,1091,,,,,,,,341,,,,,,0
Bedfordshire South West,CON HOLD,51304,28212,54.99%,45.01%,28212,10399,7941,2646,,2106,,,,,,,,,,,,,,0
Winchester,CON HOLD,55316,30425,55.00%,45.00%,30425,4613,4122,13511,,2645,,,,,,,,,,,,,,0
Newcastle upon Tyne Central,LAB HOLD,35085,19301,55.01%,44.99%,6628,19301,5214,2218,,1724,,,,,,,,,,,,,,0
Sheffield Central,LAB HOLD,44173,24308,55.03%,44.97%,4917,24308,3296,4278,,6999,,,,,,,,,,,,,,375
Cambridgeshire North East,CON HOLD,51780,28524,55.09%,44.91%,28524,7476,11650,2314,,1816,,,,,,,,,,,,,,0
Inverclyde,SNP GAIN FROM LAB,44607,24585,55.11%,44.89%,4446,13522,715,1106,24585,,,,,,,,,,,,,,233,0
Houghton & Sunderland South,LAB HOLD,38489,21218,55.13%,44.87%,7105,21218,8280,791,,1095,,,,,,,,,,,,,,0
Ealing North,LAB HOLD,48510,26745,55.13%,44.87%,14419,26745,3922,1575,,1635,,,,,,,,214,,,,,,0
Lichfield,CON HOLD,51467,28389,55.16%,44.84%,28389,10200,8082,2700,,1976,,,,,,,,,,,,,,120
Gosport,CON HOLD,47665,26364,55.31%,44.69%,26364,6926,9266,3298,,1707,,,,,104,,,,,,,,,0
Hertfordshire North East,CON HOLD,52287,28949,55.37%,44.63%,28949,9869,6728,3952,,2789,,,,,,,,,,,,,,0
Skipton & Ripon,CON HOLD,54559,30248,55.44%,44.56%,30248,9487,7651,4057,,3116,,,,,,,,,,,,,,0
Salisbury,CON HOLD,50705,28192,55.60%,44.40%,28192,7771,6152,5099,,2762,,,,,729,,,,,,,,,0
"East Kilbride, Strathaven & Lesmahagow",SNP GAIN FROM LAB,60539,33678,55.63%,44.37%,7129,17151,1221,1042,33678,,,,,,318,,,,,,,,,0
Herefordshire North,CON HOLD,48023,26716,55.63%,44.37%,26716,5478,6720,5768,,3341,,,,,,,,,,,,,,0
Rutland & Melton,CON HOLD,54603,30383,55.64%,44.36%,30383,8383,8678,4407,,2325,,,,,427,,,,,,,,,0
Kilmarnock & Loudoun,SNP GAIN FROM LAB,53903,30000,55.66%,44.34%,6752,16362,,789,30000,,,,,,,,,,,,,,,0
Jarrow,LAB HOLD,38564,21464,55.66%,44.34%,6584,21464,7583,1238,,1310,,,,,,,,385,,,,,,0
Lewisham East,LAB HOLD,42923,23907,55.70%,44.30%,9574,23907,3886,2455,,2429,,,,,,,,,,,,,,672
Barnsley Central,LAB HOLD,36560,20376,55.73%,44.27%,5485,20376,7941,770,,938,,,,,,,,573,,,,,,477
Bracknell,CON HOLD,53086,29606,55.77%,44.23%,29606,8956,8339,3983,,2202,,,,,,,,,,,,,,0
Tyneside North,LAB HOLD,46818,26191,55.94%,44.06%,8997,26191,7618,2075,,1442,,,,,,,,304,,,,,,191
Preston,LAB HOLD,33469,18755,56.04%,43.96%,6688,18755,5139,1244,,1643,,,,,,,,,,,,,,0
Suffolk Central & Ipswich North,CON HOLD,54089,30317,56.05%,43.95%,30317,10173,7459,3314,,2664,,,,,,,,,,,,,,162
Broxbourne,CON HOLD,46024,25797,56.05%,43.95%,25797,8470,9074,1467,,1216,,,,,,,,,,,,,,0
Bedfordshire Mid,CON HOLD,58060,32544,56.05%,43.95%,32544,9217,8966,4193,,2462,,,,,384,,,,,,,,,294
Worcestershire West,CON HOLD,54100,30342,56.09%,43.91%,30342,7244,7764,5245,,3505,,,,,,,,,,,,,,0
Sussex Mid,CON HOLD,57492,32268,56.13%,43.87%,32268,7982,6898,6604,,2453,,,,,958,,,,,,,,,329
Hertford & Stortford,CON HOLD,56277,31593,56.14%,43.86%,31593,10084,7534,4385,,2681,,,,,,,,,,,,,,0
Sleaford & North Hykeham,CON HOLD,61944,34805,56.19%,43.81%,34805,10690,9716,3500,,,,,,,,,,,,,,,,3233
Woking,CON HOLD,51964,29199,56.19%,43.81%,29199,8389,5873,6047,,2109,,,,,,,,,,,,,229,118
New Forest East,CON HOLD,49447,27819,56.26%,43.74%,27819,6018,8657,4626,,2327,,,,,,,,,,,,,,0
Blackburn,LAB HOLD,43999,24762,56.28%,43.72%,12002,24762,6280,955,,,,,,,,,,,,,,,,0
Aberdeen North,SNP GAIN FROM LAB,43936,24793,56.43%,43.57%,5304,11397,,2050,24793,,,,,,,,,206,,,,,,186
Motherwell & Wishaw,SNP GAIN FROM LAB,48237,27275,56.54%,43.46%,3695,15377,1289,601,27275,,,,,,,,,,,,,,,0
"Cotswolds, The",CON HOLD,56667,32045,56.55%,43.45%,32045,5240,6188,10568,,2626,,,,,,,,,,,,,,0
Devon South West,CON HOLD,50372,28500,56.58%,43.42%,28500,8391,7306,3767,,2408,,,,,,,,,,,,,,0
Sheffield Brightside & Hillsborough,LAB HOLD,40053,22663,56.58%,43.42%,4407,22663,8856,1802,,1712,,,,,,,,442,,,,,,171
"Coatbridge, Chryston & Bellshill",SNP GAIN FROM LAB,50698,28696,56.60%,43.40%,3209,17195,1049,549,28696,,,,,,,,,,,,,,,0
Dorset North,CON HOLD,53385,30227,56.62%,43.38%,30227,4785,9109,6226,,3038,,,,,,,,,,,,,,0
Reigate,CON HOLD,51349,29151,56.77%,43.23%,29151,6578,6817,5369,,3434,,,,,,,,,,,,,,0
Gateshead,LAB HOLD,37949,21549,56.78%,43.22%,5502,21549,6765,2585,,1548,,,,,,,,,,,,,,0
Middlesbrough,LAB HOLD,32706,18584,56.82%,43.18%,5388,18584,6107,1220,,1407,,,,,,,,,,,,,,0
Fareham,CON HOLD,53995,30689,56.84%,43.16%,30689,7800,8427,4814,,2129,,,,,136,,,,,,,,,0
Glasgow East,SNP GAIN FROM LAB,42417,24116,56.85%,43.15%,2544,13729,1105,318,24116,381,,,,,,,,,,,,,,224
Hitchin & Harpenden,CON HOLD,55375,31488,56.86%,43.14%,31488,11433,4917,4484,,3053,,,,,,,,,,,,,,0
Livingston,SNP GAIN FROM LAB,57547,32736,56.89%,43.11%,5929,15893,1757,1232,32736,,,,,,,,,,,,,,,0
Wentworth & Dearne,LAB HOLD,43189,24571,56.89%,43.11%,6441,24571,10733,1135,,,,,,,,,,,,,,,,309
Sevenoaks,CON HOLD,50124,28531,56.92%,43.08%,28531,6448,8970,3937,,2238,,,,,,,,,,,,,,0
Hertfordshire South West,CON HOLD,57267,32608,56.94%,43.06%,32608,9345,6603,5872,,2583,,,,,,,,,,,,,,256
Worcestershire Mid,CON HOLD,52225,29763,56.99%,43.01%,29763,7548,9231,3750,,1933,,,,,,,,,,,,,,0
Wealden,CON HOLD,57017,32508,57.01%,42.99%,32508,6165,9541,5180,,3623,,,,,,,,,,,,,,0
St Helens North,LAB HOLD,46256,26378,57.03%,42.97%,9087,26378,6983,2046,,1762,,,,,,,,,,,,,,0
Newark,CON HOLD,52302,29834,57.04%,42.96%,29834,11360,6294,2385,,1792,,,,,,,,,,,,,,637
Guildford,CON HOLD,53986,30802,57.06%,42.94%,30802,6534,4774,8354,,2558,,,,,,,,,,,,,196,768
Glasgow South West,SNP GAIN FROM LAB,40921,23388,57.15%,42.85%,2036,13438,970,406,23388,507,,,,,,,,,,,,,,176
Saffron Walden,CON HOLD,57563,32926,57.20%,42.80%,32926,6791,7935,6079,,2174,,,,,,,,,,,,,,1658
Beckenham,CON HOLD,48803,27955,57.28%,42.72%,27955,9484,6108,3378,,1878,,,,,,,,,,,,,,0
Horsham,CON HOLD,56925,32627,57.32%,42.68%,32627,6499,7969,6647,,2198,,,,,303,,,,,,,,,682
Surrey East,CON HOLD,56103,32211,57.41%,42.59%,32211,6627,9553,5189,,2159,,,,,364,,,,,,,,,0
Orpington,CON HOLD,49032,28152,57.42%,42.58%,28152,7645,8173,3330,,1732,,,,,,,,,,,,,,0
Birmingham Perry Barr,LAB HOLD,41260,23697,57.43%,42.57%,8869,23697,5032,2001,,1330,,,,,,,,331,,,,,,0
Witham,CON HOLD,47168,27123,57.50%,42.50%,27123,7467,7569,2891,,2038,,,,,,,,,,,,,,80
Stratford-on-Avon,CON HOLD,51459,29674,57.67%,42.33%,29674,6677,6798,6182,,2128,,,,,,,,,,,,,,0
Chichester,CON HOLD,57139,32953,57.67%,42.33%,32953,6933,8540,4865,,3742,,,,,,,,,,,,,,106
Wiltshire North,CON HOLD,50166,28938,57.68%,42.32%,28938,4930,5813,7892,,2350,,,,,243,,,,,,,,,0
Barking,LAB HOLD,43023,24826,57.70%,42.30%,7019,24826,9554,562,,879,,,,,,,,183,,,,,,0
Falkirk,SNP GAIN FROM LAB,60340,34831,57.72%,42.28%,7325,15130,1829,1225,34831,,,,,,,,,,,,,,,0
Wokingham,CON HOLD,55995,32325,57.73%,42.27%,32325,8132,5516,7572,,2092,,,,,358,,,,,,,,,0
Devizes,CON HOLD,49006,28295,57.74%,42.26%,28295,6360,7544,3954,,2853,,,,,,,,,,,,,,0
Blaenau Gwent,LAB HOLD,31683,18380,58.01%,41.99%,3419,18380,5677,620,,738,,2849,,,,,,,,,,,,0
Glasgow North East,SNP GAIN FROM LAB,37857,21976,58.05%,41.95%,1769,12754,,300,21976,615,,,,,,,,218,,,,,225,0
Hampshire North West,CON HOLD,55195,32052,58.07%,41.93%,32052,7342,8109,5151,,2541,,,,,,,,,,,,,,0
Christchurch,CON HOLD,49707,28887,58.11%,41.89%,28887,4745,10663,3263,,2149,,,,,,,,,,,,,,0
Daventry,CON HOLD,52518,30550,58.17%,41.83%,30550,9491,8296,2352,,1829,,,,,,,,,,,,,,0
Warley,LAB HOLD,37829,22012,58.19%,41.81%,7310,22012,6237,805,,1465,,,,,,,,,,,,,,0
Richmond Park,CON HOLD,59101,34404,58.21%,41.79%,34404,7296,2464,11389,,3548,,,,,,,,,,,,,,0
Kenilworth & Southam,CON HOLD,48791,28474,58.36%,41.64%,28474,7472,5467,4913,,1956,,,,,,,,,,,,,,509
Henley,CON HOLD,55236,32292,58.46%,41.54%,32292,6917,6007,6205,,3815,,,,,,,,,,,,,,0
Poplar & Limehouse,LAB HOLD,51044,29886,58.55%,41.45%,12962,29886,3128,2149,,2463,,,,,,,,367,,,,,,89
Leyton & Wanstead,LAB HOLD,40705,23858,58.61%,41.39%,8939,23858,2341,2304,,2974,,,,,289,,,,,,,,,0
Tatton,CON HOLD,45298,26552,58.62%,41.38%,26552,8311,4871,3850,,1714,,,,,,,,,,,,,,0
Tunbridge Wells,CON HOLD,51428,30181,58.69%,41.31%,30181,7307,6481,4342,,2659,,,,,458,,,,,,,,,0
Brentwood & Ongar,CON HOLD,51897,30534,58.84%,41.16%,30534,6492,8724,4577,,1397,,,,,,,,,,,,,,173
Epsom & Ewell,CON HOLD,56531,33309,58.92%,41.08%,33309,8866,7117,5002,,2116,,,,,121,,,,,,,,,0
Dunbartonshire West,SNP GAIN FROM LAB,51141,30198,59.05%,40.95%,3597,16027,,816,30198,,,,,,503,,,,,,,,,0
Chesham & Amersham,CON HOLD,52731,31138,59.05%,40.95%,31138,6712,7218,4761,,2902,,,,,,,,,,,,,,0
Hertsmere,CON HOLD,50091,29696,59.28%,40.72%,29696,11235,6383,2777,,,,,,,,,,,,,,,,0
Tonbridge & Malling,CON HOLD,53670,31887,59.41%,40.59%,31887,7604,8153,3660,,2366,,,,,,,,,,,,,,0
Staffordshire South,CON HOLD,49598,29478,59.43%,40.57%,29478,9107,8267,1448,,1298,,,,,,,,,,,,,,0
Bedfordshire North East,CON HOLD,58672,34891,59.47%,40.53%,34891,9247,8579,3418,,2537,,,,,,,,,,,,,,0
South Holland & The Deepings,CON HOLD,49207,29303,59.55%,40.45%,29303,6122,10736,1466,,1580,,,,,,,,,,,,,,0
Hayes & Harlington,LAB HOLD,45056,26843,59.58%,40.42%,11143,26843,5388,888,,794,,,,,,,,,,,,,,0
"Ruislip, Northwood & Pinner",CON HOLD,51222,30521,59.59%,40.41%,30521,10297,5598,2537,,1801,,,,,,,,302,,,,,,166
Penrith & The Border,CON HOLD,43921,26202,59.66%,40.34%,26202,6308,5353,3745,,2313,,,,,,,,,,,,,,0
Dundee East,SNP HOLD,48185,28765,59.70%,40.30%,7206,9603,,1387,28765,895,,,,,,,,104,,,,,225,0
Runnymede & Weybridge,CON HOLD,50052,29901,59.74%,40.26%,29901,7767,6951,3362,,2071,,,,,,,,,,,,,,0
Glenrothes,SNP GAIN FROM LAB,47598,28459,59.79%,40.21%,3685,14562,,892,28459,,,,,,,,,,,,,,,0
Leicester South,LAB HOLD,45942,27473,59.80%,40.20%,9628,27473,3832,2127,,2533,,,,,,,,349,,,,,,0
St Helens South & Whiston,LAB HOLD,48397,28950,59.82%,40.18%,7707,28950,6766,2737,,2237,,,,,,,,,,,,,,0
Birmingham Hall Green,LAB HOLD,47046,28147,59.83%,40.17%,8329,28147,2131,5459,,2200,,,,,,,,,,,,780,,0
Surrey Heath,CON HOLD,54431,32582,59.86%,40.14%,32582,6100,7778,4937,,2400,,,,,273,,,,,,,,,361
Surrey South West,CON HOLD,57119,34199,59.87%,40.13%,34199,5415,5643,3586,,3105,,,,,,,,,,4851,,,,320
"Cumbernauld, Kilsyth & Kirkintilloch East",SNP GAIN FROM LAB,49382,29572,59.88%,40.12%,3891,14820,,1099,29572,,,,,,,,,,,,,,,0
New Forest West,CON HOLD,47410,28420,59.95%,40.05%,28420,5133,7816,3293,,2748,,,,,,,,,,,,,,0
Northamptonshire South,CON HOLD,60862,36607,60.15%,39.85%,36607,10191,8204,3613,,2247,,,,,,,,,,,,,,0
Banff & Buchan,SNP HOLD,45629,27487,60.24%,39.76%,13148,2647,,2347,27487,,,,,,,,,,,,,,,0
Islington North,LAB HOLD,49234,29659,60.24%,39.76%,8465,29659,1971,3984,,5043,,,,,,,,,,,,,,112
Lewisham Deptford,LAB HOLD,47426,28572,60.25%,39.75%,7056,28572,2013,2497,,5932,,,,,30,,,286,,,,,,1040
Witney,CON HOLD,58388,35201,60.29%,39.71%,35201,10046,5352,3953,,2970,,,,,12,,,,,616,,,,238
Wallasey,LAB HOLD,43366,26176,60.36%,39.64%,9828,26176,5063,1011,,1288,,,,,,,,,,,,,,0
Maldon,CON HOLD,48045,29112,60.59%,39.41%,29112,5690,7042,2157,,1504,,,,,2424,,,,,,,,,116
Mole Valley,CON HOLD,55140,33434,60.63%,39.37%,33434,4565,6181,7981,,2979,,,,,,,,,,,,,,0
Mitcham & Morden,LAB HOLD,45142,27380,60.65%,39.35%,10458,27380,4287,1378,,1422,,,,,,,,,,,,,,217
Hampshire East,CON HOLD,51649,31334,60.67%,39.33%,31334,5220,6187,5732,,3176,,,,,,,,,,,,,,0
Arundel & South Downs,CON HOLD,56477,34331,60.79%,39.21%,34331,6324,8154,4062,,3606,,,,,,,,,,,,,,0
Easington,LAB HOLD,34624,21132,61.03%,38.97%,4478,21132,6491,834,,733,,,,,,,,,,,,,,956
Newbury,CON HOLD,57300,34973,61.03%,38.97%,34973,4837,6195,8605,,2324,,,,,85,,,,,,,,,281
Meon Valley,CON HOLD,51717,31578,61.06%,38.94%,31578,5656,7665,4987,,1831,,,,,,,,,,,,,,0
Leicester East,LAB HOLD,48068,29386,61.13%,38.87%,11034,29386,4290,1233,,1468,,,,,117,,,540,,,,,,0
Manchester Central,LAB HOLD,45331,27772,61.26%,38.74%,6133,27772,5033,1867,,3838,,,,,,,,270,,,,,,418
Bethnal Green & Bow,LAB HOLD,52846,32387,61.29%,38.71%,8070,32387,3219,2395,,4906,,,,,,,,949,,,,,303,617
Edmonton,LAB HOLD,41338,25388,61.42%,38.58%,9969,25388,3366,897,,1358,,,,,,,,360,,,,,,0
Dundee West,SNP GAIN FROM LAB,44714,27684,61.91%,38.09%,3852,10592,,1057,27684,1225,,,,,,,,304,,,,,,0
Blackley & Broughton,LAB HOLD,37112,22982,61.93%,38.07%,5581,22982,6108,874,,1567,,,,,,,,,,,,,,0
Brent Central,LAB GAIN FROM LD,47032,29216,62.12%,37.88%,9567,29216,1850,3937,,1912,,,,,145,,,235,,,,,,170
Croydon North,LAB HOLD,53522,33513,62.62%,37.38%,12149,33513,2899,1919,,2515,,,,,141,,,261,,,,,,125
Halton,LAB HOLD,45023,28292,62.84%,37.16%,8007,28292,6333,1097,,1017,,,,,277,,,,,,,,,0
Hackney North & Stoke Newington,LAB HOLD,49883,31357,62.86%,37.14%,7341,31357,1085,2492,,7281,,,,,,,,,,,,,,327
Esher & Walton,CON HOLD,56976,35845,62.91%,37.09%,35845,7229,5551,5372,,2355,,,,,228,,,,,,,,396,0
Chelsea & Fulham,CON HOLD,40226,25322,62.95%,37.05%,25322,9300,2039,2091,,1474,,,,,,,,,,,,,,0
Beaconsfield,CON HOLD,53163,33621,63.24%,36.76%,33621,6074,7310,3927,,2231,,,,,,,,,,,,,,0
Camberwell & Peckham,LAB HOLD,51561,32614,63.25%,36.75%,6790,32614,2413,2580,,5187,,,,,,,,292,,466,,,197,1022
Windsor,CON HOLD,50160,31797,63.39%,36.61%,31797,6714,4992,4323,,1834,,,,,500,,,,,,,,,0
Ilford South,LAB HOLD,51912,33232,64.02%,35.98%,13455,33232,2705,1014,,1506,,,,,,,,,,,,,,0
Hackney South & Shoreditch,LAB HOLD,47640,30693,64.43%,35.57%,6420,30693,1818,2186,,5519,,,,,78,,,302,,,,,297,327
Buckingham,SPE HOLD,53692,34617,64.47%,35.53%,,,11675,,,7400,,,,,,,,,34617,,,,,0
Ealing Southall,LAB HOLD,43321,28147,64.97%,35.03%,9387,28147,1769,1550,,2007,,,,,,,,,,,,,,461
Maidenhead,CON HOLD,53855,35453,65.83%,34.17%,35453,6394,4539,5337,,1915,,,,,162,,,,,,,,,55
Hampshire North East,CON HOLD,54000,35573,65.88%,34.12%,35573,5290,4732,5657,,2364,,,,,,,,,,,,,,384
Manchester Gorton,LAB HOLD,42019,28187,67.08%,32.92%,4063,28187,3434,1782,,4108,,,,,,,,264,,,,,,181
Tottenham,LAB HOLD,42558,28654,67.33%,32.67%,5090,28654,1512,1756,,3931,,,,,,,,1324,,,,,,291
Liverpool Riverside,LAB HOLD,44263,29835,67.40%,32.60%,4245,29835,2510,1719,,5372,,,,,,,,582,,,,,,0
Birkenhead,LAB HOLD,39144,26468,67.62%,32.38%,5816,26468,3838,1396,,1626,,,,,,,,,,,,,,0
Birmingham Hodge Hill,LAB HOLD,41039,28069,68.40%,31.60%,4707,28069,4651,2624,,835,,,,,,,,,,,,,,153
West Ham,LAB HOLD,52793,36132,68.44%,31.56%,8146,36132,3950,1430,,2651,,,,,,,,,,,,,,484
Walthamstow,LAB HOLD,41796,28779,68.86%,31.14%,5584,28779,2507,1661,,2661,,,,,129,,,394,,,,,,81
Garston & Halewood,LAB HOLD,48983,33839,69.08%,30.92%,6693,33839,4482,2279,,1690,,,,,,,,,,,,,,0
Liverpool Wavertree,LAB HOLD,40974,28401,69.31%,30.69%,4098,28401,3375,2454,,2140,,,,,144,,,362,,,,,,0
Birmingham Ladywood,LAB HOLD,35916,26444,73.63%,26.37%,4576,26444,1805,1374,,1501,,,,,,,,,,,,,,216
Bootle,LAB HOLD,45152,33619,74.46%,25.54%,3639,33619,4915,978,,1501,,,,,,,,500,,,,,,0
Liverpool West Derby,LAB HOLD,41031,30842,75.17%,24.83%,2710,30842,3475,959,,996,,,,,,,,,,,,,,2049
East Ham,LAB HOLD,52290,40563,77.57%,22.43%,6311,40563,2622,856,,1299,,,,,,,,230,,,,,,409
Knowsley,LAB HOLD,50728,39628,78.12%,21.88%,3367,39628,4973,1490,,1270,,,,,,,,,,,,,,0
Liverpool Walton,LAB HOLD,38403,31222,81.30%,18.70%,1802,31222,3445,899,,956,,,,,56,,,,,,,,,23